`,suburl
https://ilyn.global/privacy-policy,/privacy-policy
https://ilyn.global/payment-policy,/payment-policy
https://ilyn.global/shipping-policy,/shipping-policy
https://ilyn.global/exchange-return,/exchange-return
https://ilyn.global/terms-conditions,/terms-conditions
https://ilyn.global/about-us,/about-us
https://ilyn.global/category/featured-197,/category/featured-197
https://ilyn.global/category/new-arrivals-163,/category/new-arrivals-163
https://ilyn.global/category/clothing-84,/category/clothing-84
https://ilyn.global/category/clothing-thobe-104,/category/clothing-thobe-104
https://ilyn.global/category/clothing-kabli-88,/category/clothing-kabli-88
https://ilyn.global/category/clothing-panjabi-95,/category/clothing-panjabi-95
https://ilyn.global/category/clothing-shirts-99,/category/clothing-shirts-99
https://ilyn.global/category/clothing-t-shirts-and-polos-182,/category/clothing-t-shirts-and-polos-182
https://ilyn.global/category/clothing-trousers-and-chinos-108,/category/clothing-trousers-and-chinos-108
https://ilyn.global/category/clothing-jeans-210,/category/clothing-jeans-210
https://ilyn.global/category/clothing-joggers-and-l-chino-91,/category/clothing-joggers-and-l-chino-91
https://ilyn.global/category/clothing-jackets-187,/category/clothing-jackets-187
https://ilyn.global/category/clothing-waistcoats-184,/category/clothing-waistcoats-184
https://ilyn.global/category/clothing-essentials-193,/category/clothing-essentials-193
https://ilyn.global/category/accessories-75,/category/accessories-75
https://ilyn.global/category/accessories-bags-80,/category/accessories-bags-80
https://ilyn.global/category/accessories-prayer-mats-148,/category/accessories-prayer-mats-148
https://ilyn.global/category/footwear-112,/category/footwear-112
https://ilyn.global/category/footwear-sandals-113,/category/footwear-sandals-113
https://ilyn.global/category/footwear-shoes-152,/category/footwear-shoes-152
https://ilyn.global/category/footwear-sneakers-206,/category/footwear-sneakers-206
https://ilyn.global/category/sale-173,/category/sale-173
https://ilyn.global/category/sale-panjabi-176,/category/sale-panjabi-176
https://ilyn.global/category/sale-kabli-195,/category/sale-kabli-195
https://ilyn.global/category/sale-shirts-179,/category/sale-shirts-179
https://ilyn.global/category/sale-l-chino-191,/category/sale-l-chino-191
https://ilyn.global/category/sale-trousers-and-chinos-192,/category/sale-trousers-and-chinos-192
https://ilyn.global/category/sale-footwear-204,/category/sale-footwear-204
https://ilyn.global/category/flash-sale-205,/category/flash-sale-205
https://ilyn.global/category/thobe-104,/category/thobe-104
https://ilyn.global/category/thobe-premium-107,/category/thobe-premium-107
https://ilyn.global/category/thobe-platinum-144,/category/thobe-platinum-144
https://ilyn.global/category/kabli-88,/category/kabli-88
https://ilyn.global/category/kabli-premium-90,/category/kabli-premium-90
https://ilyn.global/category/kabli-platinum-89,/category/kabli-platinum-89
https://ilyn.global/category/panjabi-95,/category/panjabi-95
https://ilyn.global/category/panjabi-premium-97,/category/panjabi-premium-97
https://ilyn.global/category/panjabi-luxury-142,/category/panjabi-luxury-142
https://ilyn.global/category/panjabi-platinum-96,/category/panjabi-platinum-96
https://ilyn.global/category/panjabi-sahara-98,/category/panjabi-sahara-98
https://ilyn.global/category/shirts-99,/category/shirts-99
https://ilyn.global/category/shirts-premium-102,/category/shirts-premium-102
https://ilyn.global/category/t-shirts-and-polos-182,/category/t-shirts-and-polos-182
https://ilyn.global/category/t-shirts-and-polos-luxury-183,/category/t-shirts-and-polos-luxury-183
https://ilyn.global/category/trousers-and-chinos-108,/category/trousers-and-chinos-108
https://ilyn.global/category/trousers-and-chinos-basic-109,/category/trousers-and-chinos-basic-109
https://ilyn.global/category/trousers-and-chinos-premium-153,/category/trousers-and-chinos-premium-153
https://ilyn.global/category/trousers-and-chinos-platinum-110,/category/trousers-and-chinos-platinum-110
https://ilyn.global/category/jeans-210,/category/jeans-210
https://ilyn.global/category/jeans-premium-211,/category/jeans-premium-211
https://ilyn.global/category/joggers-and-l-chino-91,/category/joggers-and-l-chino-91
https://ilyn.global/category/joggers-and-l-chino-premium-92,/category/joggers-and-l-chino-premium-92
https://ilyn.global/category/jackets-187,/category/jackets-187
https://ilyn.global/category/jackets-premium-190,/category/jackets-premium-190
https://ilyn.global/category/jackets-platinum-188,/category/jackets-platinum-188
https://ilyn.global/category/waistcoats-184,/category/waistcoats-184
https://ilyn.global/category/waistcoats-premium-209,/category/waistcoats-premium-209
https://ilyn.global/category/waistcoats-platinum-186,/category/waistcoats-platinum-186
https://ilyn.global/category/essentials-193,/category/essentials-193
https://ilyn.global/category/essentials-innerwear-194,/category/essentials-innerwear-194
https://ilyn.global/category/sandals-113,/category/sandals-113
https://ilyn.global/category/shoes-152,/category/shoes-152
https://ilyn.global/category/sneakers-206,/category/sneakers-206
https://ilyn.global/category/bags-80,/category/bags-80
https://ilyn.global/category/prayer-mats-148,/category/prayer-mats-148
https://ilyn.global/category/panjabi-176,/category/panjabi-176
https://ilyn.global/category/kabli-195,/category/kabli-195
https://ilyn.global/category/shirts-179,/category/shirts-179
https://ilyn.global/category/l-chino-191,/category/l-chino-191
https://ilyn.global/category/trousers-and-chinos-192,/category/trousers-and-chinos-192
https://ilyn.global/category/footwear-204,/category/footwear-204
https://ilyn.global/category/premium-107,/category/premium-107
https://ilyn.global/category/platinum-144,/category/platinum-144
https://ilyn.global/category/premium-90,/category/premium-90
https://ilyn.global/category/platinum-89,/category/platinum-89
https://ilyn.global/category/premium-97,/category/premium-97
https://ilyn.global/category/luxury-142,/category/luxury-142
https://ilyn.global/category/platinum-96,/category/platinum-96
https://ilyn.global/category/sahara-98,/category/sahara-98
https://ilyn.global/category/premium-102,/category/premium-102
https://ilyn.global/category/luxury-183,/category/luxury-183
https://ilyn.global/category/basic-109,/category/basic-109
https://ilyn.global/category/premium-153,/category/premium-153
https://ilyn.global/category/platinum-110,/category/platinum-110
https://ilyn.global/category/premium-211,/category/premium-211
https://ilyn.global/category/premium-92,/category/premium-92
https://ilyn.global/category/premium-190,/category/premium-190
https://ilyn.global/category/platinum-188,/category/platinum-188
https://ilyn.global/category/premium-209,/category/premium-209
https://ilyn.global/category/platinum-186,/category/platinum-186
https://ilyn.global/category/innerwear-194,/category/innerwear-194
https://ilyn.global/product/basic-trousers-193201-white-1498,/product/basic-trousers-193201-white-1498
https://ilyn.global/product/basic-trousers-193202-black-1499,/product/basic-trousers-193202-black-1499
https://ilyn.global/product/cuffed-platinum-trousers-203201-1897,/product/cuffed-platinum-trousers-203201-1897
https://ilyn.global/product/cuffed-platinum-trousers-203202-1898,/product/cuffed-platinum-trousers-203202-1898
https://ilyn.global/product/cuffed-platinum-trousers-203203-1899,/product/cuffed-platinum-trousers-203203-1899
https://ilyn.global/product/lchino-air-20-193014-black-1571,/product/lchino-air-20-193014-black-1571
https://ilyn.global/product/lchino-air-20-193015-khaki-1572,/product/lchino-air-20-193015-khaki-1572
https://ilyn.global/product/lchino-air-20-193016-silver-grey-1573,/product/lchino-air-20-193016-silver-grey-1573
https://ilyn.global/product/lchino-air-20-193017-white-1574,/product/lchino-air-20-193017-white-1574
https://ilyn.global/product/lchino-air-20-193018-rich-brown-1575,/product/lchino-air-20-193018-rich-brown-1575
https://ilyn.global/product/lchino-color-jeans-183010-caramel-988,/product/lchino-color-jeans-183010-caramel-988
https://ilyn.global/product/lchino-color-jeans-183011-dark-brown-989,/product/lchino-color-jeans-183011-dark-brown-989
https://ilyn.global/product/lchino-color-jeans-183012-light-grey-1135,/product/lchino-color-jeans-183012-light-grey-1135
https://ilyn.global/product/lchino-color-jeans-183013-golden-brown-1136,/product/lchino-color-jeans-183013-golden-brown-1136
https://ilyn.global/product/lchino-color-jeans-183014-navy-1137,/product/lchino-color-jeans-183014-navy-1137
https://ilyn.global/product/lchino-color-jeans-183015-dark-grey-1138,/product/lchino-color-jeans-183015-dark-grey-1138
https://ilyn.global/product/lchino-color-jeans-183016-black-1139,/product/lchino-color-jeans-183016-black-1139
https://ilyn.global/product/lchino-color-jeans-193011-black-1669,/product/lchino-color-jeans-193011-black-1669
https://ilyn.global/product/lchino-color-jeans-193012-blacksilver-1670,/product/lchino-color-jeans-193012-blacksilver-1670
https://ilyn.global/product/lchino-color-jeans-193013-blackgold-1671,/product/lchino-color-jeans-193013-blackgold-1671
https://ilyn.global/product/lchino-denim-superior-183404-1042,/product/lchino-denim-superior-183404-1042
https://ilyn.global/product/lchino-denim-superior-183405-1043,/product/lchino-denim-superior-183405-1043
https://ilyn.global/product/lchino-denim-superior-193019-dark-blue-1659,/product/lchino-denim-superior-193019-dark-blue-1659
https://ilyn.global/product/lchino-denim-superior-193020-navy-1562,/product/lchino-denim-superior-193020-navy-1562
https://ilyn.global/product/lchino-denim-superior-193021-blue-1560,/product/lchino-denim-superior-193021-blue-1560
https://ilyn.global/product/lchino-denim-superior-193023-dark-indigo-1561,/product/lchino-denim-superior-193023-dark-indigo-1561
https://ilyn.global/product/lchino-pacifier-airforce-193007-black-1449,/product/lchino-pacifier-airforce-193007-black-1449
https://ilyn.global/product/lchino-pacifier-commando-183017-arctic-1140,/product/lchino-pacifier-commando-183017-arctic-1140
https://ilyn.global/product/lchino-pacifier-commando-193001-desert-camo-1434,/product/lchino-pacifier-commando-193001-desert-camo-1434
https://ilyn.global/product/lchino-pacifier-commando-193002-black-camo-1435,/product/lchino-pacifier-commando-193002-black-camo-1435
https://ilyn.global/product/lchino-pacifier-commando-193003-dark-camo-1436,/product/lchino-pacifier-commando-193003-dark-camo-1436
https://ilyn.global/product/luxury-leather-sneakers-205301-2365,/product/luxury-leather-sneakers-205301-2365
https://ilyn.global/product/luxury-leather-sneakers-205302-2367,/product/luxury-leather-sneakers-205302-2367
https://ilyn.global/product/luxury-leather-sneakers-205303-2368,/product/luxury-leather-sneakers-205303-2368
https://ilyn.global/product/luxury-leather-sneakers-205304-2369,/product/luxury-leather-sneakers-205304-2369
https://ilyn.global/product/luxury-leather-sneakers-205305-2399,/product/luxury-leather-sneakers-205305-2399
https://ilyn.global/product/luxury-leather-sneakers-205306-2400,/product/luxury-leather-sneakers-205306-2400
https://ilyn.global/product/luxury-leather-sneakers-205307-2401,/product/luxury-leather-sneakers-205307-2401
https://ilyn.global/product/luxury-leather-sneakers-205308-2402,/product/luxury-leather-sneakers-205308-2402
https://ilyn.global/product/luxury-leather-sneakers-205310-2404,/product/luxury-leather-sneakers-205310-2404
https://ilyn.global/product/luxury-leather-sneakers-205311-2405,/product/luxury-leather-sneakers-205311-2405
https://ilyn.global/product/luxury-leather-sneakers-205312-2406,/product/luxury-leather-sneakers-205312-2406
https://ilyn.global/product/luxury-panjabi-182506-1171,/product/luxury-panjabi-182506-1171
https://ilyn.global/product/luxury-panjabi-182510-1175,/product/luxury-panjabi-182510-1175
https://ilyn.global/product/luxury-panjabi-182531-1231,/product/luxury-panjabi-182531-1231
https://ilyn.global/product/luxury-panjabi-182532-1232,/product/luxury-panjabi-182532-1232
https://ilyn.global/product/luxury-panjabi-182534-1224,/product/luxury-panjabi-182534-1224
https://ilyn.global/product/luxury-panjabi-182535-1225,/product/luxury-panjabi-182535-1225
https://ilyn.global/product/luxury-panjabi-182536-1226,/product/luxury-panjabi-182536-1226
https://ilyn.global/product/luxury-panjabi-182537-1227,/product/luxury-panjabi-182537-1227
https://ilyn.global/product/luxury-panjabi-182538-1242,/product/luxury-panjabi-182538-1242
https://ilyn.global/product/luxury-panjabi-182539-1243,/product/luxury-panjabi-182539-1243
https://ilyn.global/product/luxury-panjabi-182540-1244,/product/luxury-panjabi-182540-1244
https://ilyn.global/product/luxury-panjabi-192501-1367,/product/luxury-panjabi-192501-1367
https://ilyn.global/product/luxury-panjabi-192503-1369,/product/luxury-panjabi-192503-1369
https://ilyn.global/product/luxury-panjabi-192504-1370,/product/luxury-panjabi-192504-1370
https://ilyn.global/product/luxury-panjabi-192505-1371,/product/luxury-panjabi-192505-1371
https://ilyn.global/product/luxury-panjabi-192506-1372,/product/luxury-panjabi-192506-1372
https://ilyn.global/product/luxury-panjabi-192508-1432,/product/luxury-panjabi-192508-1432
https://ilyn.global/product/luxury-panjabi-192509-1433,/product/luxury-panjabi-192509-1433
https://ilyn.global/product/luxury-panjabi-192510-1444,/product/luxury-panjabi-192510-1444
https://ilyn.global/product/luxury-panjabi-192511-1445,/product/luxury-panjabi-192511-1445
https://ilyn.global/product/luxury-panjabi-192514-1450,/product/luxury-panjabi-192514-1450
https://ilyn.global/product/luxury-panjabi-192515-1451,/product/luxury-panjabi-192515-1451
https://ilyn.global/product/luxury-panjabi-192518-1484,/product/luxury-panjabi-192518-1484
https://ilyn.global/product/luxury-panjabi-192520-1500,/product/luxury-panjabi-192520-1500
https://ilyn.global/product/luxury-panjabi-192521-1501,/product/luxury-panjabi-192521-1501
https://ilyn.global/product/luxury-panjabi-192525-1518,/product/luxury-panjabi-192525-1518
https://ilyn.global/product/luxury-panjabi-192526-1519,/product/luxury-panjabi-192526-1519
https://ilyn.global/product/luxury-panjabi-192527-1520,/product/luxury-panjabi-192527-1520
https://ilyn.global/product/luxury-panjabi-192528-1532,/product/luxury-panjabi-192528-1532
https://ilyn.global/product/luxury-panjabi-192529-1533,/product/luxury-panjabi-192529-1533
https://ilyn.global/product/luxury-panjabi-192531-1557,/product/luxury-panjabi-192531-1557
https://ilyn.global/product/luxury-panjabi-192532-1558,/product/luxury-panjabi-192532-1558
https://ilyn.global/product/luxury-panjabi-192533-1509,/product/luxury-panjabi-192533-1509
https://ilyn.global/product/luxury-panjabi-192534-1510,/product/luxury-panjabi-192534-1510
https://ilyn.global/product/luxury-panjabi-192535-1663,/product/luxury-panjabi-192535-1663
https://ilyn.global/product/luxury-panjabi-192536-1664,/product/luxury-panjabi-192536-1664
https://ilyn.global/product/luxury-panjabi-192537-1665,/product/luxury-panjabi-192537-1665
https://ilyn.global/product/luxury-panjabi-192538-1666,/product/luxury-panjabi-192538-1666
https://ilyn.global/product/luxury-panjabi-192539-1667,/product/luxury-panjabi-192539-1667
https://ilyn.global/product/luxury-panjabi-192540-1668,/product/luxury-panjabi-192540-1668
https://ilyn.global/product/luxury-panjabi-192547-1719,/product/luxury-panjabi-192547-1719
https://ilyn.global/product/luxury-panjabi-192548-1720,/product/luxury-panjabi-192548-1720
https://ilyn.global/product/luxury-panjabi-192549-1721,/product/luxury-panjabi-192549-1721
https://ilyn.global/product/luxury-panjabi-192550-1722,/product/luxury-panjabi-192550-1722
https://ilyn.global/product/luxury-panjabi-192551-1723,/product/luxury-panjabi-192551-1723
https://ilyn.global/product/luxury-panjabi-192552-1724,/product/luxury-panjabi-192552-1724
https://ilyn.global/product/luxury-panjabi-192553-1725,/product/luxury-panjabi-192553-1725
https://ilyn.global/product/luxury-panjabi-192554-1726,/product/luxury-panjabi-192554-1726
https://ilyn.global/product/luxury-panjabi-192555-1727,/product/luxury-panjabi-192555-1727
https://ilyn.global/product/luxury-panjabi-202501-1740,/product/luxury-panjabi-202501-1740
https://ilyn.global/product/luxury-panjabi-202502-1774,/product/luxury-panjabi-202502-1774
https://ilyn.global/product/luxury-panjabi-202503-1775,/product/luxury-panjabi-202503-1775
https://ilyn.global/product/luxury-panjabi-202504-1776,/product/luxury-panjabi-202504-1776
https://ilyn.global/product/luxury-panjabi-202505-1777,/product/luxury-panjabi-202505-1777
https://ilyn.global/product/luxury-panjabi-202506-1778,/product/luxury-panjabi-202506-1778
https://ilyn.global/product/luxury-panjabi-202507-1779,/product/luxury-panjabi-202507-1779
https://ilyn.global/product/luxury-panjabi-202508-1780,/product/luxury-panjabi-202508-1780
https://ilyn.global/product/luxury-panjabi-202509-1781,/product/luxury-panjabi-202509-1781
https://ilyn.global/product/luxury-panjabi-202510-1782,/product/luxury-panjabi-202510-1782
https://ilyn.global/product/luxury-panjabi-202511-1783,/product/luxury-panjabi-202511-1783
https://ilyn.global/product/luxury-panjabi-202512-1811,/product/luxury-panjabi-202512-1811
https://ilyn.global/product/luxury-panjabi-202514-1813,/product/luxury-panjabi-202514-1813
https://ilyn.global/product/luxury-panjabi-202515-1814,/product/luxury-panjabi-202515-1814
https://ilyn.global/product/luxury-panjabi-202516-1815,/product/luxury-panjabi-202516-1815
https://ilyn.global/product/luxury-panjabi-202517-1816,/product/luxury-panjabi-202517-1816
https://ilyn.global/product/luxury-panjabi-202518-1817,/product/luxury-panjabi-202518-1817
https://ilyn.global/product/luxury-panjabi-202521-1965,/product/luxury-panjabi-202521-1965
https://ilyn.global/product/luxury-panjabi-202522-1966,/product/luxury-panjabi-202522-1966
https://ilyn.global/product/luxury-panjabi-202523-1967,/product/luxury-panjabi-202523-1967
https://ilyn.global/product/luxury-panjabi-202525-1969,/product/luxury-panjabi-202525-1969
https://ilyn.global/product/luxury-panjabi-202526-1970,/product/luxury-panjabi-202526-1970
https://ilyn.global/product/luxury-polo-shirt-204501-2133,/product/luxury-polo-shirt-204501-2133
https://ilyn.global/product/luxury-polo-shirt-204502-2134,/product/luxury-polo-shirt-204502-2134
https://ilyn.global/product/luxury-polo-shirt-204503-2135,/product/luxury-polo-shirt-204503-2135
https://ilyn.global/product/luxury-polo-shirt-204504-2136,/product/luxury-polo-shirt-204504-2136
https://ilyn.global/product/luxury-polo-shirt-204505-2137,/product/luxury-polo-shirt-204505-2137
https://ilyn.global/product/luxury-polo-shirt-204506-2138,/product/luxury-polo-shirt-204506-2138
https://ilyn.global/product/luxury-polo-shirt-204507-2139,/product/luxury-polo-shirt-204507-2139
https://ilyn.global/product/luxury-polo-shirt-204508-2140,/product/luxury-polo-shirt-204508-2140
https://ilyn.global/product/luxury-tshirt-204701-maroon-1642,/product/luxury-tshirt-204701-maroon-1642
https://ilyn.global/product/luxury-tshirt-204702-white-1643,/product/luxury-tshirt-204702-white-1643
https://ilyn.global/product/luxury-tshirt-204704-black-1645,/product/luxury-tshirt-204704-black-1645
https://ilyn.global/product/luxury-tshirt-204705-navy-1646,/product/luxury-tshirt-204705-navy-1646
https://ilyn.global/product/luxury-tshirt-204706-off-white-1732,/product/luxury-tshirt-204706-off-white-1732
https://ilyn.global/product/luxury-tshirt-204707-vintage-indigo-1794,/product/luxury-tshirt-204707-vintage-indigo-1794
https://ilyn.global/product/luxury-tshirt-204708-grey-1795,/product/luxury-tshirt-204708-grey-1795
https://ilyn.global/product/luxury-tshirt-204709-white-1796,/product/luxury-tshirt-204709-white-1796
https://ilyn.global/product/luxury-tshirt-204710-off-white-1797,/product/luxury-tshirt-204710-off-white-1797
https://ilyn.global/product/luxury-tshirt-204711-navy-1798,/product/luxury-tshirt-204711-navy-1798
https://ilyn.global/product/luxury-tshirt-204712-white-1799,/product/luxury-tshirt-204712-white-1799
https://ilyn.global/product/luxury-tshirt-204713-1940,/product/luxury-tshirt-204713-1940
https://ilyn.global/product/luxury-tshirt-204714-1941,/product/luxury-tshirt-204714-1941
https://ilyn.global/product/luxury-tshirt-204715-1942,/product/luxury-tshirt-204715-1942
https://ilyn.global/product/luxury-tshirt-204716-1943,/product/luxury-tshirt-204716-1943
https://ilyn.global/product/luxury-tshirt-204717-2297,/product/luxury-tshirt-204717-2297
https://ilyn.global/product/luxury-tshirt-204719-2299,/product/luxury-tshirt-204719-2299
https://ilyn.global/product/luxury-tshirt-204720-2300,/product/luxury-tshirt-204720-2300
https://ilyn.global/product/luxury-tshirt-204721-2301,/product/luxury-tshirt-204721-2301
https://ilyn.global/product/luxury-tshirt-204724-2352,/product/luxury-tshirt-204724-2352
https://ilyn.global/product/luxury-tshirt-204725-2353,/product/luxury-tshirt-204725-2353
https://ilyn.global/product/luxury-leather-backpack-195013-black-1657,/product/luxury-leather-backpack-195013-black-1657
https://ilyn.global/product/luxury-leather-backpack-195014-blackbrown-1839,/product/luxury-leather-backpack-195014-blackbrown-1839
https://ilyn.global/product/platinum-jacket-206801-black-2005,/product/platinum-jacket-206801-black-2005
https://ilyn.global/product/platinum-jacket-206802-blue-2006,/product/platinum-jacket-206802-blue-2006
https://ilyn.global/product/platinum-jacket-206803-dark-red-2007,/product/platinum-jacket-206803-dark-red-2007
https://ilyn.global/product/platinum-jacket-206804-light-grey-2008,/product/platinum-jacket-206804-light-grey-2008
https://ilyn.global/product/platinum-jacket-206805-dark-navy-2009,/product/platinum-jacket-206805-dark-navy-2009
https://ilyn.global/product/platinum-jacket-206806-dark-olive-2010,/product/platinum-jacket-206806-dark-olive-2010
https://ilyn.global/product/platinum-jacket-206807-dark-grey-2011,/product/platinum-jacket-206807-dark-grey-2011
https://ilyn.global/product/platinum-kabli-181513-1006,/product/platinum-kabli-181513-1006
https://ilyn.global/product/platinum-kabli-181514-1007,/product/platinum-kabli-181514-1007
https://ilyn.global/product/platinum-kabli-181515-1008,/product/platinum-kabli-181515-1008
https://ilyn.global/product/platinum-kabli-181520-1013,/product/platinum-kabli-181520-1013
https://ilyn.global/product/platinum-kabli-181521-1014,/product/platinum-kabli-181521-1014
https://ilyn.global/product/platinum-kabli-181522-1015,/product/platinum-kabli-181522-1015
https://ilyn.global/product/platinum-kabli-191501-1351,/product/platinum-kabli-191501-1351
https://ilyn.global/product/platinum-kabli-191506-1356,/product/platinum-kabli-191506-1356
https://ilyn.global/product/platinum-kabli-191508-1358,/product/platinum-kabli-191508-1358
https://ilyn.global/product/platinum-kabli-191509-1359,/product/platinum-kabli-191509-1359
https://ilyn.global/product/platinum-kabli-191511-1441,/product/platinum-kabli-191511-1441
https://ilyn.global/product/platinum-kabli-191512-1442,/product/platinum-kabli-191512-1442
https://ilyn.global/product/platinum-kabli-191513-1443,/product/platinum-kabli-191513-1443
https://ilyn.global/product/platinum-kabli-191516-1690,/product/platinum-kabli-191516-1690
https://ilyn.global/product/platinum-kabli-191517-1691,/product/platinum-kabli-191517-1691
https://ilyn.global/product/platinum-kabli-191518-1692,/product/platinum-kabli-191518-1692
https://ilyn.global/product/platinum-kabli-191519-1693,/product/platinum-kabli-191519-1693
https://ilyn.global/product/platinum-kabli-191520-1694,/product/platinum-kabli-191520-1694
https://ilyn.global/product/platinum-kabli-191521-1695,/product/platinum-kabli-191521-1695
https://ilyn.global/product/platinum-kabli-191522-1696,/product/platinum-kabli-191522-1696
https://ilyn.global/product/platinum-kabli-191524-1698,/product/platinum-kabli-191524-1698
https://ilyn.global/product/platinum-kabli-191526-1701,/product/platinum-kabli-191526-1701
https://ilyn.global/product/platinum-kabli-191527-1702,/product/platinum-kabli-191527-1702
https://ilyn.global/product/platinum-kabli-191528-1703,/product/platinum-kabli-191528-1703
https://ilyn.global/product/platinum-kabli-191529-1704,/product/platinum-kabli-191529-1704
https://ilyn.global/product/platinum-kabli-201501-1989,/product/platinum-kabli-201501-1989
https://ilyn.global/product/platinum-kabli-201502-1990,/product/platinum-kabli-201502-1990
https://ilyn.global/product/platinum-kabli-201503-1991,/product/platinum-kabli-201503-1991
https://ilyn.global/product/platinum-kabli-201504-2118,/product/platinum-kabli-201504-2118
https://ilyn.global/product/platinum-kabli-201505-2119,/product/platinum-kabli-201505-2119
https://ilyn.global/product/platinum-kabli-201506-2120,/product/platinum-kabli-201506-2120
https://ilyn.global/product/platinum-kabli-201507-2121,/product/platinum-kabli-201507-2121
https://ilyn.global/product/platinum-panjabi-182018-962,/product/platinum-panjabi-182018-962
https://ilyn.global/product/platinum-panjabi-182050-1282,/product/platinum-panjabi-182050-1282
https://ilyn.global/product/platinum-panjabi-182064-1306,/product/platinum-panjabi-182064-1306
https://ilyn.global/product/platinum-panjabi-182065-1307,/product/platinum-panjabi-182065-1307
https://ilyn.global/product/platinum-panjabi-192001-1407,/product/platinum-panjabi-192001-1407
https://ilyn.global/product/platinum-panjabi-192002-1408,/product/platinum-panjabi-192002-1408
https://ilyn.global/product/platinum-panjabi-192003-1409,/product/platinum-panjabi-192003-1409
https://ilyn.global/product/platinum-panjabi-192008-1414,/product/platinum-panjabi-192008-1414
https://ilyn.global/product/platinum-panjabi-192009-1415,/product/platinum-panjabi-192009-1415
https://ilyn.global/product/platinum-panjabi-192010-1416,/product/platinum-panjabi-192010-1416
https://ilyn.global/product/platinum-panjabi-192011-1417,/product/platinum-panjabi-192011-1417
https://ilyn.global/product/platinum-panjabi-192012-1418,/product/platinum-panjabi-192012-1418
https://ilyn.global/product/platinum-panjabi-192014-1391,/product/platinum-panjabi-192014-1391
https://ilyn.global/product/platinum-panjabi-192015-1420,/product/platinum-panjabi-192015-1420
https://ilyn.global/product/platinum-panjabi-192017-1422,/product/platinum-panjabi-192017-1422
https://ilyn.global/product/platinum-panjabi-192019-1424,/product/platinum-panjabi-192019-1424
https://ilyn.global/product/platinum-panjabi-192020-1425,/product/platinum-panjabi-192020-1425
https://ilyn.global/product/platinum-panjabi-192021-1426,/product/platinum-panjabi-192021-1426
https://ilyn.global/product/platinum-panjabi-192022-1565,/product/platinum-panjabi-192022-1565
https://ilyn.global/product/platinum-panjabi-192023-1566,/product/platinum-panjabi-192023-1566
https://ilyn.global/product/platinum-panjabi-192024-1567,/product/platinum-panjabi-192024-1567
https://ilyn.global/product/platinum-panjabi-192025-1568,/product/platinum-panjabi-192025-1568
https://ilyn.global/product/platinum-panjabi-192026-1569,/product/platinum-panjabi-192026-1569
https://ilyn.global/product/platinum-panjabi-192027-1570,/product/platinum-panjabi-192027-1570
https://ilyn.global/product/platinum-panjabi-192029-1620,/product/platinum-panjabi-192029-1620
https://ilyn.global/product/platinum-panjabi-192030-1621,/product/platinum-panjabi-192030-1621
https://ilyn.global/product/platinum-panjabi-192031-1626,/product/platinum-panjabi-192031-1626
https://ilyn.global/product/platinum-panjabi-192032-1627,/product/platinum-panjabi-192032-1627
https://ilyn.global/product/platinum-panjabi-192033-1628,/product/platinum-panjabi-192033-1628
https://ilyn.global/product/platinum-panjabi-192035-1632,/product/platinum-panjabi-192035-1632
https://ilyn.global/product/platinum-panjabi-192036-1633,/product/platinum-panjabi-192036-1633
https://ilyn.global/product/platinum-panjabi-192037-1634,/product/platinum-panjabi-192037-1634
https://ilyn.global/product/platinum-panjabi-192038-1635,/product/platinum-panjabi-192038-1635
https://ilyn.global/product/platinum-panjabi-192039-1636,/product/platinum-panjabi-192039-1636
https://ilyn.global/product/platinum-panjabi-192040-1637,/product/platinum-panjabi-192040-1637
https://ilyn.global/product/platinum-panjabi-192043-1640,/product/platinum-panjabi-192043-1640
https://ilyn.global/product/platinum-panjabi-192044-1641,/product/platinum-panjabi-192044-1641
https://ilyn.global/product/platinum-panjabi-192045-1705,/product/platinum-panjabi-192045-1705
https://ilyn.global/product/platinum-panjabi-192046-1706,/product/platinum-panjabi-192046-1706
https://ilyn.global/product/platinum-panjabi-192047-1707,/product/platinum-panjabi-192047-1707
https://ilyn.global/product/platinum-panjabi-192048-1708,/product/platinum-panjabi-192048-1708
https://ilyn.global/product/platinum-panjabi-192049-1709,/product/platinum-panjabi-192049-1709
https://ilyn.global/product/platinum-panjabi-192050-1710,/product/platinum-panjabi-192050-1710
https://ilyn.global/product/platinum-panjabi-192051-1711,/product/platinum-panjabi-192051-1711
https://ilyn.global/product/platinum-panjabi-192052-1712,/product/platinum-panjabi-192052-1712
https://ilyn.global/product/platinum-panjabi-192053-1713,/product/platinum-panjabi-192053-1713
https://ilyn.global/product/platinum-panjabi-202001-1953,/product/platinum-panjabi-202001-1953
https://ilyn.global/product/platinum-panjabi-202002-1954,/product/platinum-panjabi-202002-1954
https://ilyn.global/product/platinum-panjabi-202003-1955,/product/platinum-panjabi-202003-1955
https://ilyn.global/product/platinum-panjabi-202004-2059,/product/platinum-panjabi-202004-2059
https://ilyn.global/product/platinum-panjabi-202005-2060,/product/platinum-panjabi-202005-2060
https://ilyn.global/product/platinum-panjabi-202007-2062,/product/platinum-panjabi-202007-2062
https://ilyn.global/product/platinum-thobe-208502-1785,/product/platinum-thobe-208502-1785
https://ilyn.global/product/platinum-thobe-208503-1786,/product/platinum-thobe-208503-1786
https://ilyn.global/product/platinum-thobe-208504-1787,/product/platinum-thobe-208504-1787
https://ilyn.global/product/platinum-thobe-208505-1788,/product/platinum-thobe-208505-1788
https://ilyn.global/product/platinum-thobe-208506-1789,/product/platinum-thobe-208506-1789
https://ilyn.global/product/platinum-thobe-208507-1826,/product/platinum-thobe-208507-1826
https://ilyn.global/product/platinum-thobe-208508-1827,/product/platinum-thobe-208508-1827
https://ilyn.global/product/platinum-thobe-208509-1987,/product/platinum-thobe-208509-1987
https://ilyn.global/product/platinum-thobe-208510-1988,/product/platinum-thobe-208510-1988
https://ilyn.global/product/platinum-trousers-183238-1108,/product/platinum-trousers-183238-1108
https://ilyn.global/product/platinum-trousers-183240-1098,/product/platinum-trousers-183240-1098
https://ilyn.global/product/platinum-trousers-183241-1082,/product/platinum-trousers-183241-1082
https://ilyn.global/product/platinum-trousers-183244-984,/product/platinum-trousers-183244-984
https://ilyn.global/product/platinum-trousers-193216-black-1564,/product/platinum-trousers-193216-black-1564
https://ilyn.global/product/platinum-waistcoat-207515-1832,/product/platinum-waistcoat-207515-1832
https://ilyn.global/product/platinum-waistcoat-207516-1833,/product/platinum-waistcoat-207516-1833
https://ilyn.global/product/platinum-waistcoat-207517-1834,/product/platinum-waistcoat-207517-1834
https://ilyn.global/product/platinum-waistcoat-207518-1828,/product/platinum-waistcoat-207518-1828
https://ilyn.global/product/platinum-waistcoat-207519-1829,/product/platinum-waistcoat-207519-1829
https://ilyn.global/product/platinum-waistcoat-207520-1830,/product/platinum-waistcoat-207520-1830
https://ilyn.global/product/platinum-waistcoat-207521-1831,/product/platinum-waistcoat-207521-1831
https://ilyn.global/product/platinum-waistcoat-207522-1956,/product/platinum-waistcoat-207522-1956
https://ilyn.global/product/platinum-waistcoat-207528-2076,/product/platinum-waistcoat-207528-2076
https://ilyn.global/product/platinum-waistcoat-207529-2077,/product/platinum-waistcoat-207529-2077
https://ilyn.global/product/platinum-waistcoat-207533-2372,/product/platinum-waistcoat-207533-2372
https://ilyn.global/product/platinum-waistcoat-207534-2373,/product/platinum-waistcoat-207534-2373
https://ilyn.global/product/premium-boxers-203703-1792,/product/premium-boxers-203703-1792
https://ilyn.global/product/premium-boxers-203704-1793,/product/premium-boxers-203704-1793
https://ilyn.global/product/premium-formal-chino-203506-black-1973,/product/premium-formal-chino-203506-black-1973
https://ilyn.global/product/premium-formal-chino-203507-navy-1974,/product/premium-formal-chino-203507-navy-1974
https://ilyn.global/product/premium-formal-chino-203508-light-grey-1975,/product/premium-formal-chino-203508-light-grey-1975
https://ilyn.global/product/premium-formal-chino-203509-light-brown-1976,/product/premium-formal-chino-203509-light-brown-1976
https://ilyn.global/product/premium-jacket-206201-1926,/product/premium-jacket-206201-1926
https://ilyn.global/product/premium-jacket-206202-1927,/product/premium-jacket-206202-1927
https://ilyn.global/product/premium-jacket-206203-1928,/product/premium-jacket-206203-1928
https://ilyn.global/product/premium-jacket-206204-1929,/product/premium-jacket-206204-1929
https://ilyn.global/product/premium-kabli-181004-899,/product/premium-kabli-181004-899
https://ilyn.global/product/premium-kabli-201001-1743,/product/premium-kabli-201001-1743
https://ilyn.global/product/premium-kabli-201002-1744,/product/premium-kabli-201002-1744
https://ilyn.global/product/premium-leather-slides-195603-whitered-1394,/product/premium-leather-slides-195603-whitered-1394
https://ilyn.global/product/premium-leather-slides-195604-whitenavy-1395,/product/premium-leather-slides-195604-whitenavy-1395
https://ilyn.global/product/premium-leather-slides-195608-black-1649,/product/premium-leather-slides-195608-black-1649
https://ilyn.global/product/premium-leather-slides-195609-navy-1650,/product/premium-leather-slides-195609-navy-1650
https://ilyn.global/product/premium-leather-slides-195610-white-1651,/product/premium-leather-slides-195610-white-1651
https://ilyn.global/product/premium-leather-slides-195612-1653,/product/premium-leather-slides-195612-1653
https://ilyn.global/product/premium-leather-slides-205601-1733,/product/premium-leather-slides-205601-1733
https://ilyn.global/product/premium-leather-slides-205602-1734,/product/premium-leather-slides-205602-1734
https://ilyn.global/product/premium-leather-slides-205603-1735,/product/premium-leather-slides-205603-1735
https://ilyn.global/product/premium-leather-slides-205604-1736,/product/premium-leather-slides-205604-1736
https://ilyn.global/product/premium-leather-slides-205605-1944,/product/premium-leather-slides-205605-1944
https://ilyn.global/product/premium-leather-slides-205606-1945,/product/premium-leather-slides-205606-1945
https://ilyn.global/product/premium-leather-slides-205607-1946,/product/premium-leather-slides-205607-1946
https://ilyn.global/product/premium-leather-slides-205608-1947,/product/premium-leather-slides-205608-1947
https://ilyn.global/product/premium-leather-slides-205609-1948,/product/premium-leather-slides-205609-1948
https://ilyn.global/product/premium-panjabi-16209-132,/product/premium-panjabi-16209-132
https://ilyn.global/product/premium-panjabi-170064-413,/product/premium-panjabi-170064-413
https://ilyn.global/product/premium-panjabi-170073-405,/product/premium-panjabi-170073-405
https://ilyn.global/product/premium-panjabi-170074-406,/product/premium-panjabi-170074-406
https://ilyn.global/product/premium-panjabi-170079-396,/product/premium-panjabi-170079-396
https://ilyn.global/product/premium-panjabi-170080-397,/product/premium-panjabi-170080-397
https://ilyn.global/product/premium-panjabi-170146-45,/product/premium-panjabi-170146-45
https://ilyn.global/product/premium-panjabi-170147-46,/product/premium-panjabi-170147-46
https://ilyn.global/product/premium-panjabi-180033-897,/product/premium-panjabi-180033-897
https://ilyn.global/product/premium-panjabi-180034-898,/product/premium-panjabi-180034-898
https://ilyn.global/product/premium-panjabi-180060-1271,/product/premium-panjabi-180060-1271
https://ilyn.global/product/premium-panjabi-180082-1130,/product/premium-panjabi-180082-1130
https://ilyn.global/product/premium-panjabi-180086-1091,/product/premium-panjabi-180086-1091
https://ilyn.global/product/premium-panjabi-180101-1166,/product/premium-panjabi-180101-1166
https://ilyn.global/product/premium-panjabi-180104-1275,/product/premium-panjabi-180104-1275
https://ilyn.global/product/premium-panjabi-180105-1276,/product/premium-panjabi-180105-1276
https://ilyn.global/product/premium-panjabi-180115-1214,/product/premium-panjabi-180115-1214
https://ilyn.global/product/premium-panjabi-180117-1216,/product/premium-panjabi-180117-1216
https://ilyn.global/product/premium-panjabi-190001-1331,/product/premium-panjabi-190001-1331
https://ilyn.global/product/premium-panjabi-190003-1333,/product/premium-panjabi-190003-1333
https://ilyn.global/product/premium-panjabi-190020-1361,/product/premium-panjabi-190020-1361
https://ilyn.global/product/premium-panjabi-190021-1362,/product/premium-panjabi-190021-1362
https://ilyn.global/product/premium-panjabi-190022-1363,/product/premium-panjabi-190022-1363
https://ilyn.global/product/premium-panjabi-190029-1376,/product/premium-panjabi-190029-1376
https://ilyn.global/product/premium-panjabi-190032-1379,/product/premium-panjabi-190032-1379
https://ilyn.global/product/premium-panjabi-190033-1380,/product/premium-panjabi-190033-1380
https://ilyn.global/product/premium-panjabi-190043-1440,/product/premium-panjabi-190043-1440
https://ilyn.global/product/premium-panjabi-190044-1477,/product/premium-panjabi-190044-1477
https://ilyn.global/product/premium-panjabi-190046-1479,/product/premium-panjabi-190046-1479
https://ilyn.global/product/premium-panjabi-190048-1503,/product/premium-panjabi-190048-1503
https://ilyn.global/product/premium-panjabi-190050-1505,/product/premium-panjabi-190050-1505
https://ilyn.global/product/premium-panjabi-190052-1576,/product/premium-panjabi-190052-1576
https://ilyn.global/product/premium-panjabi-190053-1577,/product/premium-panjabi-190053-1577
https://ilyn.global/product/premium-panjabi-190054-1578,/product/premium-panjabi-190054-1578
https://ilyn.global/product/premium-panjabi-190055-1629,/product/premium-panjabi-190055-1629
https://ilyn.global/product/premium-panjabi-190056-1630,/product/premium-panjabi-190056-1630
https://ilyn.global/product/premium-panjabi-190057-1631,/product/premium-panjabi-190057-1631
https://ilyn.global/product/premium-panjabi-190058-1660,/product/premium-panjabi-190058-1660
https://ilyn.global/product/premium-panjabi-190059-1661,/product/premium-panjabi-190059-1661
https://ilyn.global/product/premium-panjabi-190060-1662,/product/premium-panjabi-190060-1662
https://ilyn.global/product/premium-panjabi-190064-1678,/product/premium-panjabi-190064-1678
https://ilyn.global/product/premium-panjabi-200001-1745,/product/premium-panjabi-200001-1745
https://ilyn.global/product/premium-panjabi-200004-1754,/product/premium-panjabi-200004-1754
https://ilyn.global/product/premium-panjabi-200005-1755,/product/premium-panjabi-200005-1755
https://ilyn.global/product/premium-panjabi-200006-1756,/product/premium-panjabi-200006-1756
https://ilyn.global/product/premium-panjabi-200007-1757,/product/premium-panjabi-200007-1757
https://ilyn.global/product/premium-panjabi-200008-1758,/product/premium-panjabi-200008-1758
https://ilyn.global/product/premium-panjabi-200009-1759,/product/premium-panjabi-200009-1759
https://ilyn.global/product/premium-panjabi-200012-1762,/product/premium-panjabi-200012-1762
https://ilyn.global/product/premium-panjabi-200013-1763,/product/premium-panjabi-200013-1763
https://ilyn.global/product/premium-panjabi-200014-1764,/product/premium-panjabi-200014-1764
https://ilyn.global/product/premium-panjabi-200015-1835,/product/premium-panjabi-200015-1835
https://ilyn.global/product/premium-panjabi-200016-1836,/product/premium-panjabi-200016-1836
https://ilyn.global/product/premium-panjabi-200017-1837,/product/premium-panjabi-200017-1837
https://ilyn.global/product/premium-panjabi-200018-1838,/product/premium-panjabi-200018-1838
https://ilyn.global/product/premium-panjabi-200019-1857,/product/premium-panjabi-200019-1857
https://ilyn.global/product/premium-panjabi-200020-1858,/product/premium-panjabi-200020-1858
https://ilyn.global/product/premium-panjabi-200023-1861,/product/premium-panjabi-200023-1861
https://ilyn.global/product/premium-panjabi-200024-1862,/product/premium-panjabi-200024-1862
https://ilyn.global/product/premium-panjabi-200030-2029,/product/premium-panjabi-200030-2029
https://ilyn.global/product/premium-panjabi-200031-2030,/product/premium-panjabi-200031-2030
https://ilyn.global/product/premium-panjabi-200043-2078,/product/premium-panjabi-200043-2078
https://ilyn.global/product/premium-panjabi-200044-2079,/product/premium-panjabi-200044-2079
https://ilyn.global/product/premium-panjabi-200049-2084,/product/premium-panjabi-200049-2084
https://ilyn.global/product/premium-panjabi-200050-2085,/product/premium-panjabi-200050-2085
https://ilyn.global/product/premium-panjabi-200051-2086,/product/premium-panjabi-200051-2086
https://ilyn.global/product/premium-panjabi-200052-2087,/product/premium-panjabi-200052-2087
https://ilyn.global/product/premium-panjabi-200053-2088,/product/premium-panjabi-200053-2088
https://ilyn.global/product/premium-sandals-175507-black-suedebrown-655,/product/premium-sandals-175507-black-suedebrown-655
https://ilyn.global/product/premium-sandals-175508-black-suedeblack-656,/product/premium-sandals-175508-black-suedeblack-656
https://ilyn.global/product/premium-sandals-175509-dark-blue-suedeblack-657,/product/premium-sandals-175509-dark-blue-suedeblack-657
https://ilyn.global/product/premium-sandals-175510-dark-maroon-suedeblack-659,/product/premium-sandals-175510-dark-maroon-suedeblack-659
https://ilyn.global/product/premium-sandals-175511-camel-suedeblack-658,/product/premium-sandals-175511-camel-suedeblack-658
https://ilyn.global/product/premium-sandals-175513-matte-black-766,/product/premium-sandals-175513-matte-black-766
https://ilyn.global/product/premium-sandals-175514-matte-brown-767,/product/premium-sandals-175514-matte-brown-767
https://ilyn.global/product/premium-sandals-185601-920,/product/premium-sandals-185601-920
https://ilyn.global/product/premium-sandals-185602-brown-910,/product/premium-sandals-185602-brown-910
https://ilyn.global/product/premium-sandals-185603-cream-1112,/product/premium-sandals-185603-cream-1112
https://ilyn.global/product/premium-sandals-185604-dark-navy-1113,/product/premium-sandals-185604-dark-navy-1113
https://ilyn.global/product/premium-sandals-185610-black-suede-1076,/product/premium-sandals-185610-black-suede-1076
https://ilyn.global/product/premium-sandals-185611-dark-blue-suede-1083,/product/premium-sandals-185611-dark-blue-suede-1083
https://ilyn.global/product/premium-sandals-185612-dark-maroon-suede-1084,/product/premium-sandals-185612-dark-maroon-suede-1084
https://ilyn.global/product/premium-sandals-185613-camel-suede-1085,/product/premium-sandals-185613-camel-suede-1085
https://ilyn.global/product/premium-shirt-174005-544,/product/premium-shirt-174005-544
https://ilyn.global/product/premium-shirt-174006-545,/product/premium-shirt-174006-545
https://ilyn.global/product/premium-shirt-174009-562,/product/premium-shirt-174009-562
https://ilyn.global/product/premium-shirt-174022-553,/product/premium-shirt-174022-553
https://ilyn.global/product/premium-shirt-174029-673,/product/premium-shirt-174029-673
https://ilyn.global/product/premium-shirt-174030-546,/product/premium-shirt-174030-546
https://ilyn.global/product/premium-shirt-174067-472,/product/premium-shirt-174067-472
https://ilyn.global/product/premium-shirt-174068-473,/product/premium-shirt-174068-473
https://ilyn.global/product/premium-shirt-174069-474,/product/premium-shirt-174069-474
https://ilyn.global/product/premium-shirt-174070-475,/product/premium-shirt-174070-475
https://ilyn.global/product/premium-shirt-174071-476,/product/premium-shirt-174071-476
https://ilyn.global/product/premium-shirt-174073-478,/product/premium-shirt-174073-478
https://ilyn.global/product/premium-shirt-174074-479,/product/premium-shirt-174074-479
https://ilyn.global/product/premium-shirt-174075-480,/product/premium-shirt-174075-480
https://ilyn.global/product/premium-shirt-174080-485,/product/premium-shirt-174080-485
https://ilyn.global/product/premium-shirt-174083-488,/product/premium-shirt-174083-488
https://ilyn.global/product/premium-shirt-174084-489,/product/premium-shirt-174084-489
https://ilyn.global/product/premium-shirt-174095-500,/product/premium-shirt-174095-500
https://ilyn.global/product/premium-shirt-174096-501,/product/premium-shirt-174096-501
https://ilyn.global/product/premium-shirt-174100-505,/product/premium-shirt-174100-505
https://ilyn.global/product/premium-shirt-174101-506,/product/premium-shirt-174101-506
https://ilyn.global/product/premium-shirt-174102-507,/product/premium-shirt-174102-507
https://ilyn.global/product/premium-shirt-174113-518,/product/premium-shirt-174113-518
https://ilyn.global/product/premium-shirt-174115-520,/product/premium-shirt-174115-520
https://ilyn.global/product/premium-shirt-174116-788,/product/premium-shirt-174116-788
https://ilyn.global/product/premium-shirt-174117-789,/product/premium-shirt-174117-789
https://ilyn.global/product/premium-shirt-174118-790,/product/premium-shirt-174118-790
https://ilyn.global/product/premium-shirt-174119-791,/product/premium-shirt-174119-791
https://ilyn.global/product/premium-shirt-196001-1583,/product/premium-shirt-196001-1583
https://ilyn.global/product/premium-shirt-196002-1584,/product/premium-shirt-196002-1584
https://ilyn.global/product/premium-shirt-196003-1585,/product/premium-shirt-196003-1585
https://ilyn.global/product/premium-shirt-196005-1587,/product/premium-shirt-196005-1587
https://ilyn.global/product/premium-shirt-196014-1596,/product/premium-shirt-196014-1596
https://ilyn.global/product/premium-shirt-196015-1597,/product/premium-shirt-196015-1597
https://ilyn.global/product/premium-shirt-196016-1598,/product/premium-shirt-196016-1598
https://ilyn.global/product/premium-shirt-196018-1600,/product/premium-shirt-196018-1600
https://ilyn.global/product/premium-shirt-196022-1604,/product/premium-shirt-196022-1604
https://ilyn.global/product/premium-shirt-196023-1605,/product/premium-shirt-196023-1605
https://ilyn.global/product/premium-shirt-196027-1609,/product/premium-shirt-196027-1609
https://ilyn.global/product/premium-shirt-196028-1610,/product/premium-shirt-196028-1610
https://ilyn.global/product/premium-shirt-196037-1737,/product/premium-shirt-196037-1737
https://ilyn.global/product/premium-shirt-206001-1741,/product/premium-shirt-206001-1741
https://ilyn.global/product/premium-shirt-206003-1900,/product/premium-shirt-206003-1900
https://ilyn.global/product/premium-shirt-206004-1901,/product/premium-shirt-206004-1901
https://ilyn.global/product/premium-shirt-206005-1902,/product/premium-shirt-206005-1902
https://ilyn.global/product/premium-shirt-206006-1903,/product/premium-shirt-206006-1903
https://ilyn.global/product/premium-shirt-206007-1904,/product/premium-shirt-206007-1904
https://ilyn.global/product/premium-shirt-206008-1905,/product/premium-shirt-206008-1905
https://ilyn.global/product/premium-shirt-206011-1908,/product/premium-shirt-206011-1908
https://ilyn.global/product/premium-shirt-206012-1909,/product/premium-shirt-206012-1909
https://ilyn.global/product/premium-shirt-206013-1910,/product/premium-shirt-206013-1910
https://ilyn.global/product/premium-shirt-206014-1911,/product/premium-shirt-206014-1911
https://ilyn.global/product/premium-shirt-206015-1912,/product/premium-shirt-206015-1912
https://ilyn.global/product/premium-shirt-206016-1913,/product/premium-shirt-206016-1913
https://ilyn.global/product/premium-shirt-206017-1914,/product/premium-shirt-206017-1914
https://ilyn.global/product/premium-shirt-206018-1915,/product/premium-shirt-206018-1915
https://ilyn.global/product/premium-shirt-206021-1916,/product/premium-shirt-206021-1916
https://ilyn.global/product/premium-shirt-206022-1917,/product/premium-shirt-206022-1917
https://ilyn.global/product/premium-shirt-206023-1918,/product/premium-shirt-206023-1918
https://ilyn.global/product/premium-shirt-206024-1919,/product/premium-shirt-206024-1919
https://ilyn.global/product/premium-shirt-206025-1920,/product/premium-shirt-206025-1920
https://ilyn.global/product/premium-shirt-206026-1921,/product/premium-shirt-206026-1921
https://ilyn.global/product/premium-shirt-206027-1922,/product/premium-shirt-206027-1922
https://ilyn.global/product/premium-shirt-206028-1923,/product/premium-shirt-206028-1923
https://ilyn.global/product/premium-shirt-206029-1924,/product/premium-shirt-206029-1924
https://ilyn.global/product/premium-shirt-206030-1925,/product/premium-shirt-206030-1925
https://ilyn.global/product/premium-shirt-206031-1930,/product/premium-shirt-206031-1930
https://ilyn.global/product/premium-shirt-206032-1931,/product/premium-shirt-206032-1931
https://ilyn.global/product/premium-shirt-206033-1932,/product/premium-shirt-206033-1932
https://ilyn.global/product/premium-shirt-206034-1933,/product/premium-shirt-206034-1933
https://ilyn.global/product/premium-shirt-206035-1934,/product/premium-shirt-206035-1934
https://ilyn.global/product/premium-shirt-206036-1935,/product/premium-shirt-206036-1935
https://ilyn.global/product/premium-shirt-206037-1936,/product/premium-shirt-206037-1936
https://ilyn.global/product/premium-shirt-206038-1937,/product/premium-shirt-206038-1937
https://ilyn.global/product/premium-shirt-206039-1938,/product/premium-shirt-206039-1938
https://ilyn.global/product/premium-shirt-206040-1939,/product/premium-shirt-206040-1939
https://ilyn.global/product/premium-shirt-206041-2013,/product/premium-shirt-206041-2013
https://ilyn.global/product/premium-shirt-206042-2014,/product/premium-shirt-206042-2014
https://ilyn.global/product/premium-shirt-206043-2015,/product/premium-shirt-206043-2015
https://ilyn.global/product/premium-shirt-206044-2016,/product/premium-shirt-206044-2016
https://ilyn.global/product/premium-shirt-206045-2017,/product/premium-shirt-206045-2017
https://ilyn.global/product/premium-shirt-206046-2018,/product/premium-shirt-206046-2018
https://ilyn.global/product/premium-shirt-206047-2019,/product/premium-shirt-206047-2019
https://ilyn.global/product/premium-shirt-206048-2020,/product/premium-shirt-206048-2020
https://ilyn.global/product/premium-shirt-206049-2021,/product/premium-shirt-206049-2021
https://ilyn.global/product/premium-shirt-206050-2022,/product/premium-shirt-206050-2022
https://ilyn.global/product/premium-shirt-206051-2023,/product/premium-shirt-206051-2023
https://ilyn.global/product/premium-shirt-206052-2024,/product/premium-shirt-206052-2024
https://ilyn.global/product/premium-shirt-206053-2025,/product/premium-shirt-206053-2025
https://ilyn.global/product/premium-shirt-206054-2383,/product/premium-shirt-206054-2383
https://ilyn.global/product/premium-shirt-206055-2384,/product/premium-shirt-206055-2384
https://ilyn.global/product/premium-shirt-206056-2385,/product/premium-shirt-206056-2385
https://ilyn.global/product/premium-shirt-206057-2386,/product/premium-shirt-206057-2386
https://ilyn.global/product/premium-shirt-206058-2387,/product/premium-shirt-206058-2387
https://ilyn.global/product/premium-shirt-206059-2388,/product/premium-shirt-206059-2388
https://ilyn.global/product/premium-shirt-206060-2389,/product/premium-shirt-206060-2389
https://ilyn.global/product/premium-shirt-206064-2419,/product/premium-shirt-206064-2419
https://ilyn.global/product/premium-shirt-206065-2420,/product/premium-shirt-206065-2420
https://ilyn.global/product/premium-shirt-206066-2421,/product/premium-shirt-206066-2421
https://ilyn.global/product/premium-shirt-206067-2422,/product/premium-shirt-206067-2422
https://ilyn.global/product/premium-shirt-206078-2433,/product/premium-shirt-206078-2433
https://ilyn.global/product/premium-shirt-206079-2434,/product/premium-shirt-206079-2434
https://ilyn.global/product/premium-shoes-185614-tonal-brown-1238,/product/premium-shoes-185614-tonal-brown-1238
https://ilyn.global/product/premium-shoes-185615-olive-1239,/product/premium-shoes-185615-olive-1239
https://ilyn.global/product/premium-shoes-185616-dark-brown-1240,/product/premium-shoes-185616-dark-brown-1240
https://ilyn.global/product/premium-shoes-195501-cream-1319,/product/premium-shoes-195501-cream-1319
https://ilyn.global/product/premium-shoes-195502-dark-navy-1320,/product/premium-shoes-195502-dark-navy-1320
https://ilyn.global/product/premium-shoes-195503-black-1427,/product/premium-shoes-195503-black-1427
https://ilyn.global/product/premium-shoes-195504-white-1428,/product/premium-shoes-195504-white-1428
https://ilyn.global/product/premium-shoes-195505-dark-maroon-1429,/product/premium-shoes-195505-dark-maroon-1429
https://ilyn.global/product/premium-shoes-195506-navy-1430,/product/premium-shoes-195506-navy-1430
https://ilyn.global/product/premium-shoes-195507-black-1522,/product/premium-shoes-195507-black-1522
https://ilyn.global/product/premium-shoes-195508-golden-1523,/product/premium-shoes-195508-golden-1523
https://ilyn.global/product/premium-shoes-195512-dark-navy-1527,/product/premium-shoes-195512-dark-navy-1527
https://ilyn.global/product/premium-shoes-195514-dark-red-1529,/product/premium-shoes-195514-dark-red-1529
https://ilyn.global/product/premium-shoes-195515-dark-blue-1530,/product/premium-shoes-195515-dark-blue-1530
https://ilyn.global/product/premium-shoes-195517-dark-maroon-1547,/product/premium-shoes-195517-dark-maroon-1547
https://ilyn.global/product/premium-shoes-195518-dark-purple-1548,/product/premium-shoes-195518-dark-purple-1548
https://ilyn.global/product/premium-shoes-195519-black-1549,/product/premium-shoes-195519-black-1549
https://ilyn.global/product/premium-shoes-195521-light-grey-1623,/product/premium-shoes-195521-light-grey-1623
https://ilyn.global/product/premium-shoes-195522-golden-1624,/product/premium-shoes-195522-golden-1624
https://ilyn.global/product/premium-shoes-195523-metallic-grey-1625,/product/premium-shoes-195523-metallic-grey-1625
https://ilyn.global/product/premium-shoes-195525-metallic-blue-1685,/product/premium-shoes-195525-metallic-blue-1685
https://ilyn.global/product/premium-shoes-205501-navy-sand-1728,/product/premium-shoes-205501-navy-sand-1728
https://ilyn.global/product/premium-shoes-205502-mineral-grey-1729,/product/premium-shoes-205502-mineral-grey-1729
https://ilyn.global/product/premium-shoes-205503-dark-maroon-1772,/product/premium-shoes-205503-dark-maroon-1772
https://ilyn.global/product/premium-shoes-205505-dark-brown-1800,/product/premium-shoes-205505-dark-brown-1800
https://ilyn.global/product/premium-shoes-205506-dark-green-2012,/product/premium-shoes-205506-dark-green-2012
https://ilyn.global/product/premium-shoes-205507-browndark-brown-1997,/product/premium-shoes-205507-browndark-brown-1997
https://ilyn.global/product/premium-shoes-205509-dark-brown-2042,/product/premium-shoes-205509-dark-brown-2042
https://ilyn.global/product/premium-shoes-205510-brown-2043,/product/premium-shoes-205510-brown-2043
https://ilyn.global/product/premium-shoes-205511-2122,/product/premium-shoes-205511-2122
https://ilyn.global/product/premium-shoes-205512-2123,/product/premium-shoes-205512-2123
https://ilyn.global/product/premium-shoes-205513-2124,/product/premium-shoes-205513-2124
https://ilyn.global/product/premium-shoes-205514-2125,/product/premium-shoes-205514-2125
https://ilyn.global/product/premium-thobe-178006-701,/product/premium-thobe-178006-701
https://ilyn.global/product/premium-thobe-198002-1474,/product/premium-thobe-198002-1474
https://ilyn.global/product/premium-thobe-198003-1534,/product/premium-thobe-198003-1534
https://ilyn.global/product/premium-thobe-198004-1535,/product/premium-thobe-198004-1535
https://ilyn.global/product/premium-thobe-198005-1536,/product/premium-thobe-198005-1536
https://ilyn.global/product/premium-thobe-198006-1537,/product/premium-thobe-198006-1537
https://ilyn.global/product/premium-thobe-208017-1983,/product/premium-thobe-208017-1983
https://ilyn.global/product/premium-thobe-208018-1984,/product/premium-thobe-208018-1984
https://ilyn.global/product/premium-waistcoat-200701-2156,/product/premium-waistcoat-200701-2156
https://ilyn.global/product/premium-waistcoat-200702-2157,/product/premium-waistcoat-200702-2157
https://ilyn.global/product/premium-waistcoat-200706-2161,/product/premium-waistcoat-200706-2161
https://ilyn.global/product/premium-waistcoat-200707-2162,/product/premium-waistcoat-200707-2162
https://ilyn.global/product/premium-waistcoat-200708-2163,/product/premium-waistcoat-200708-2163
https://ilyn.global/product/premium-waistcoat-200709-2164,/product/premium-waistcoat-200709-2164
https://ilyn.global/product/premium-waistcoat-200710-2165,/product/premium-waistcoat-200710-2165
https://ilyn.global/product/premium-waistcoat-200711-2354,/product/premium-waistcoat-200711-2354
https://ilyn.global/product/premium-waistcoat-200712-2355,/product/premium-waistcoat-200712-2355
https://ilyn.global/product/premium-waistcoat-200713-2356,/product/premium-waistcoat-200713-2356
https://ilyn.global/product/premium-washed-chino-203502-white-1766,/product/premium-washed-chino-203502-white-1766
https://ilyn.global/product/premium-washed-chino-203503-dark-brown-1767,/product/premium-washed-chino-203503-dark-brown-1767
https://ilyn.global/product/premium-washed-chino-203504-light-brown-1768,/product/premium-washed-chino-203504-light-brown-1768
https://ilyn.global/product/premium-washed-chino-203505-light-grey-1769,/product/premium-washed-chino-203505-light-grey-1769
https://ilyn.global/product/sahara-collection-panjabi-177024-648,/product/sahara-collection-panjabi-177024-648
https://ilyn.global/product/sahara-collection-panjabi-177025-649,/product/sahara-collection-panjabi-177025-649
https://ilyn.global/product/sahara-collection-panjabi-177026-650,/product/sahara-collection-panjabi-177026-650
https://ilyn.global/product/sahara-collection-panjabi-177027-645,/product/sahara-collection-panjabi-177027-645
https://ilyn.global/product/sahara-collection-panjabi-187001-354,/product/sahara-collection-panjabi-187001-354
https://ilyn.global/product/sahara-panjabi-187016-1266,/product/sahara-panjabi-187016-1266
https://ilyn.global/product/sahara-panjabi-197003-1453,/product/sahara-panjabi-197003-1453
https://ilyn.global/product/sahara-panjabi-197005-1454,/product/sahara-panjabi-197005-1454
https://ilyn.global/product/sahara-panjabi-197006-1455,/product/sahara-panjabi-197006-1455
https://ilyn.global/product/sahara-panjabi-197007-1456,/product/sahara-panjabi-197007-1456
https://ilyn.global/product/sahara-panjabi-197009-1458,/product/sahara-panjabi-197009-1458
https://ilyn.global/product/sahara-panjabi-197010-1459,/product/sahara-panjabi-197010-1459
https://ilyn.global/product/sahara-panjabi-197011-1460,/product/sahara-panjabi-197011-1460
https://ilyn.global/product/sahara-panjabi-197012-1461,/product/sahara-panjabi-197012-1461
https://ilyn.global/product/sahara-panjabi-197013-1462,/product/sahara-panjabi-197013-1462
https://ilyn.global/product/sahara-panjabi-197015-1464,/product/sahara-panjabi-197015-1464
https://ilyn.global/product/sahara-panjabi-197017-1466,/product/sahara-panjabi-197017-1466
https://ilyn.global/product/sahara-panjabi-197018-1467,/product/sahara-panjabi-197018-1467
https://ilyn.global/product/sahara-panjabi-197019-1468,/product/sahara-panjabi-197019-1468
https://ilyn.global/product/sahara-panjabi-197020-1469,/product/sahara-panjabi-197020-1469
https://ilyn.global/product/sahara-panjabi-197021-1470,/product/sahara-panjabi-197021-1470
https://ilyn.global/product/sahara-panjabi-197022-1471,/product/sahara-panjabi-197022-1471
https://ilyn.global/product/sahara-panjabi-197024-1486,/product/sahara-panjabi-197024-1486
https://ilyn.global/product/sahara-panjabi-197025-1487,/product/sahara-panjabi-197025-1487
https://ilyn.global/product/sahara-panjabi-197026-1488,/product/sahara-panjabi-197026-1488
https://ilyn.global/product/sahara-panjabi-197027-1489,/product/sahara-panjabi-197027-1489
https://ilyn.global/product/sahara-panjabi-197028-1490,/product/sahara-panjabi-197028-1490
https://ilyn.global/product/sahara-panjabi-197030-1492,/product/sahara-panjabi-197030-1492
https://ilyn.global/product/sahara-panjabi-197031-1493,/product/sahara-panjabi-197031-1493
https://ilyn.global/product/sahara-panjabi-197032-1494,/product/sahara-panjabi-197032-1494
https://ilyn.global/product/sahara-panjabi-197033-1495,/product/sahara-panjabi-197033-1495
https://ilyn.global/product/sahara-panjabi-197034-1496,/product/sahara-panjabi-197034-1496
https://ilyn.global/product/sahara-panjabi-197035-1497,/product/sahara-panjabi-197035-1497
https://ilyn.global/product/sahara-panjabi-197037-1512,/product/sahara-panjabi-197037-1512
https://ilyn.global/product/sahara-panjabi-197039-1514,/product/sahara-panjabi-197039-1514
https://ilyn.global/product/sahara-panjabi-197043-1654,/product/sahara-panjabi-197043-1654
https://ilyn.global/product/sahara-panjabi-197044-1655,/product/sahara-panjabi-197044-1655
https://ilyn.global/product/sahara-panjabi-197045-1656,/product/sahara-panjabi-197045-1656
https://ilyn.global/product/sahara-panjabi-197046-1714,/product/sahara-panjabi-197046-1714
https://ilyn.global/product/sahara-panjabi-197048-1748,/product/sahara-panjabi-197048-1748
https://ilyn.global/product/sahara-panjabi-197049-1749,/product/sahara-panjabi-197049-1749
https://ilyn.global/product/sahara-panjabi-207004-1841,/product/sahara-panjabi-207004-1841
https://ilyn.global/product/sahara-panjabi-207007-1844,/product/sahara-panjabi-207007-1844
https://ilyn.global/product/sahara-panjabi-207008-1845,/product/sahara-panjabi-207008-1845
https://ilyn.global/product/sahara-panjabi-207009-1846,/product/sahara-panjabi-207009-1846
https://ilyn.global/product/sahara-panjabi-207010-1847,/product/sahara-panjabi-207010-1847
https://ilyn.global/product/sahara-panjabi-207011-1848,/product/sahara-panjabi-207011-1848
https://ilyn.global/product/sahara-panjabi-207012-1849,/product/sahara-panjabi-207012-1849
https://ilyn.global/product/sahara-panjabi-207013-1850,/product/sahara-panjabi-207013-1850
https://ilyn.global/product/sahara-panjabi-207014-1851,/product/sahara-panjabi-207014-1851
https://ilyn.global/product/sahara-panjabi-207016-1853,/product/sahara-panjabi-207016-1853
https://ilyn.global/product/sahara-panjabi-207018-1855,/product/sahara-panjabi-207018-1855
https://ilyn.global/product/sahara-panjabi-207019-1856,/product/sahara-panjabi-207019-1856
https://ilyn.global/product/sahara-panjabi-207022-2105,/product/sahara-panjabi-207022-2105
https://ilyn.global/product/sahara-panjabi-207023-2106,/product/sahara-panjabi-207023-2106
https://ilyn.global/product/sahara-panjabi-207024-2107,/product/sahara-panjabi-207024-2107
https://ilyn.global/product/sahara-panjabi-207025-2108,/product/sahara-panjabi-207025-2108
https://ilyn.global/product/sahara-panjabi-207026-2109,/product/sahara-panjabi-207026-2109
https://ilyn.global/product/sahara-panjabi-207027-2110,/product/sahara-panjabi-207027-2110
https://ilyn.global/product/sahara-panjabi-207028-2111,/product/sahara-panjabi-207028-2111
https://ilyn.global/product/sahara-panjabi-207029-2112,/product/sahara-panjabi-207029-2112
https://ilyn.global/product/sahara-panjabi-207030-2113,/product/sahara-panjabi-207030-2113
https://ilyn.global/product/sahara-panjabi-207031-2114,/product/sahara-panjabi-207031-2114
https://ilyn.global/product/sahara-panjabi-207033-2116,/product/sahara-panjabi-207033-2116
https://ilyn.global/product/sahara-panjabi-207034-2117,/product/sahara-panjabi-207034-2117
https://ilyn.global/product/sahara-panjabi-207035-2144,/product/sahara-panjabi-207035-2144
https://ilyn.global/product/sahara-panjabi-207036-2145,/product/sahara-panjabi-207036-2145
https://ilyn.global/product/sahara-panjabi-207037-2146,/product/sahara-panjabi-207037-2146
https://ilyn.global/product/sahara-panjabi-207038-2147,/product/sahara-panjabi-207038-2147
https://ilyn.global/product/sahara-panjabi-207039-2148,/product/sahara-panjabi-207039-2148
https://ilyn.global/product/sahara-panjabi-207040-2149,/product/sahara-panjabi-207040-2149
https://ilyn.global/product/sahara-panjabi-207041-2150,/product/sahara-panjabi-207041-2150
https://ilyn.global/product/sahara-panjabi-207042-2151,/product/sahara-panjabi-207042-2151
https://ilyn.global/product/sahara-panjabi-207043-2152,/product/sahara-panjabi-207043-2152
https://ilyn.global/product/sahara-panjabi-207044-2153,/product/sahara-panjabi-207044-2153
https://ilyn.global/product/sahara-panjabi-207045-2154,/product/sahara-panjabi-207045-2154
https://ilyn.global/product/sahara-panjabi-207046-2155,/product/sahara-panjabi-207046-2155
https://ilyn.global/product/sahara-panjabi-207047-2168,/product/sahara-panjabi-207047-2168
https://ilyn.global/product/sahara-panjabi-207048-2169,/product/sahara-panjabi-207048-2169
